"modtime","filename"
"2020-05-09T01:20:00+0900","toyo_keizai_online-summary.csv"
"2020-05-09T01:20:00+0900","toyo_keizai_online-prefectures.csv"
"2020-05-09T01:20:01+0900","toyo_keizai_online-prefectures-2.csv"
"2020-05-09T01:20:01+0900","toyo_keizai_online-demography.csv"
"2020-05-12T01:20:00+0900","toyo_keizai_online-summary.csv"
"2020-05-12T01:20:01+0900","toyo_keizai_online-prefectures.csv"
"2020-05-12T01:20:01+0900","toyo_keizai_online-prefectures-2.csv"
"2020-05-12T01:20:01+0900","toyo_keizai_online-demography.csv"
"2020-05-12T19:20:00+0900","toyo_keizai_online-summary.csv"
"2020-05-13T23:20:00+0900","toyo_keizai_online-summary.csv"
"2020-05-13T23:20:01+0900","toyo_keizai_online-prefectures.csv"
"2020-05-14T03:20:00+0900","toyo_keizai_online-prefectures.csv"
"2020-05-14T19:20:00+0900","toyo_keizai_online-summary.csv"
"2020-05-14T19:20:00+0900","toyo_keizai_online-prefectures.csv"
"2020-05-14T19:20:01+0900","toyo_keizai_online-prefectures-2.csv"
"2020-05-15T21:20:01+0900","toyo_keizai_online-summary.csv"
"2020-05-15T21:20:03+0900","toyo_keizai_online-prefectures.csv"
"2020-05-16T19:20:00+0900","toyo_keizai_online-summary.csv"
"2020-05-16T19:20:01+0900","toyo_keizai_online-prefectures.csv"
